Item Code,Product Name,Details,Dept,Maker,Pack,Retail,Cur
PP-001,Whole Milk Gallon,Grade A whole milk,Fridge > Milk,Meadow Lane,1 gal,4.19,USD
PP-002,Bananas,,Produce,,per lb,0.55,USD
PP-003,Lemon Dish Soap,Liquid for hand washing dishes,Cleaning,Glint,24 fl oz,2.89,USD
PP-004,Moisturizing Shampoo,Daily shampoo,Beauty,Purely,12 fl oz,4.79,USD
PP-005,Coconut Milk Shampoo,Shampoo with coconut milk extract,Fridge > Milk,Purely,13 fl oz,6.29,USD
PP-006,Apple,,Misc,,,1.19,USD
PP-007,Ginger Kombucha,Fermented sparkling tea drink,Drinks,Stillwater Tea,16 fl oz,3.39,USD
PP-008,,Missing title row,Pantry,,,1.00,USD
PP-009,Spaghetti,,Pantry,Nonna Vera,16 oz,-1.50,USD
PP-010,Black Beans,,Pantry,Goldfield,15 oz,0.95,
PP-003,Lemon Dish Soap,Liquid for hand washing dishes,Cleaning,Glint,24 fl oz,2.89,USD
PP-004,Clarifying Shampoo,Different product with a reused code,Beauty,Purely,12 fl oz,4.79,USD
PP-011,=SUM(A1:A9) Paper Towels,,Paper,Lumo,6 ct,8.79,USD
PP-012,Dry Dog Food Chicken,Complete food for adult dogs,Pets,Tailwag,15 lb,23.99,USD
